<?xml version="1.0" encoding="UTF-8"?>
<race name="Monaco Grand Prix" year="2017">
    <results>
        <result>
            <position>1</position>
            <Driver>
                <driverId>hamilton</driverId>
                <FamilyName>Hamilton</FamilyName>
                <GivenName>Lewis</GivenName>
                <Nationality>British</Nationality>
            </Driver>
            <Constructor>
                <constructorId>mercedes</constructorId>
                <Name>Mercedes</Name>
                <Nationality>German</Nationality>
            </Constructor>
            <Grid>1</Grid>
            <Laps>78</Laps>
            <Status statusID="1">Finished</Status>
            <Time millis="5986321">+0.000</Time>
            <FastestLap rank="2">
                <lapTime>1:15.832</lapTime>
            </FastestLap>
        </result>
        <result>
            <position>2</position>
            <Driver>
                <driverId>vettel</driverId>
                <FamilyName>Vettel</FamilyName>
                <GivenName>Sebastian</GivenName>
                <Nationality>German</Nationality>
            </Driver>
            <Constructor>
                <constructorId>ferrari</constructorId>
                <Name>Ferrari</Name>
                <Nationality>Italian</Nationality>
            </Constructor>
            <Grid>2</Grid>
            <Laps>78</Laps>
            <Status statusID="1">Finished</Status>
            <Time millis="5987453">+1132</Time>
            <FastestLap rank="1">
                <lapTime>1:15.231</lapTime>
            </FastestLap>
        </result>
        <result>
            <position>3</position>
            <Driver>
                <driverId>verstappen</driverId>
                <FamilyName>Verstappen</FamilyName>
                <GivenName>Max</GivenName>
                <Nationality>Dutch</Nationality>
            </Driver>
            <Constructor>
                <constructorId>redbull</constructorId>
                <Name>Red Bull</Name>
                <Nationality>Austrian</Nationality>
            </Constructor>
            <Grid>4</Grid>
            <Laps>78</Laps>
            <Status statusID="1">Finished</Status>
            <Time millis="5989120">+2799</Time>
            <FastestLap rank="3">
                <lapTime>1:16.012</lapTime>
            </FastestLap>
        </result>
        <result>
            <position>4</position>
            <Driver>
                <driverId>bottas</driverId>
                <FamilyName>Bottas</FamilyName>
                <GivenName>Valtteri</GivenName>
                <Nationality>Finnish</Nationality>
            </Driver>
            <Constructor>
                <constructorId>mercedes</constructorId>
                <Name>Mercedes</Name>
                <Nationality>German</Nationality>
            </Constructor>
            <Grid>3</Grid>
            <Laps>78</Laps>
            <Status statusID="1">Finished</Status>
            <Time millis="5990801">+4480</Time>
            <FastestLap rank="5">
                <lapTime>1:16.453</lapTime>
            </FastestLap>
        </result>
        <result>
            <position>5</position>
            <Driver>
                <driverId>ricciardo</driverId>
                <FamilyName>Ricciardo</FamilyName>
                <GivenName>Daniel</GivenName>
                <Nationality>Australian</Nationality>
            </Driver>
            <Constructor>
                <constructorId>redbull</constructorId>
                <Name>Red Bull</Name>
                <Nationality>Austrian</Nationality>
            </Constructor>
            <Grid>5</Grid>
            <Laps>78</Laps>
            <Status statusID="1">Finished</Status>
            <Time millis="5992301">+5980</Time>
            <FastestLap rank="4">
                <lapTime>1:16.223</lapTime>
            </FastestLap>
        </result>
        <result>
            <position>6</position>
            <Driver>
                <driverId>raikkonen</driverId>
                <FamilyName>Raikkonen</FamilyName>
                <GivenName>Kimi</GivenName>
                <Nationality>Finnish</Nationality>
            </Driver>
            <Constructor>
                <constructorId>ferrari</constructorId>
                <Name>Ferrari</Name>
                <Nationality>Italian</Nationality>
            </Constructor>
            <Grid>6</Grid>
            <Laps>78</Laps>
            <Status statusID="1">Finished</Status>
            <Time millis="5995001">+8680</Time>
            <FastestLap rank="6">
                <lapTime>1:16.712</lapTime>
            </FastestLap>
        </result>
        <result>
            <position>7</position>
            <Driver>
                <driverId>perez</driverId>
                <FamilyName>Pérez</FamilyName>
                <GivenName>Sergio</GivenName>
                <Nationality>Mexican</Nationality>
            </Driver>
            <Constructor>
                <constructorId>forceindia</constructorId>
                <Name>Force India</Name>
                <Nationality>British</Nationality>
            </Constructor>
            <Grid>9</Grid>
            <Laps>78</Laps>
            <Status statusID="1">Finished</Status>
            <Time millis="5998500">+12179</Time>
            <FastestLap rank="7">
                <lapTime>1:16.945</lapTime>
            </FastestLap>
        </result>
        <result>
            <position>8</position>
            <Driver>
                <driverId>hulkenberg</driverId>
                <FamilyName>Hulkenberg</FamilyName>
                <GivenName>Nico</GivenName>
                <Nationality>German</Nationality>
            </Driver>
            <Constructor>
                <constructorId>renault</constructorId>
                <Name>Renault</Name>
                <Nationality>French</Nationality>
            </Constructor>
            <Grid>10</Grid>
            <Laps>78</Laps>
            <Status statusID="1">Finished</Status>
            <Time millis="6001000">+14679</Time>
            <FastestLap rank="8">
                <lapTime>1:17.000</lapTime>
            </FastestLap>
        </result>
        <result>
            <position>9</position>
            <Driver>
                <driverId>sainz</driverId>
                <FamilyName>Sainz</FamilyName>
                <GivenName>Carlos</GivenName>
                <Nationality>Spanish</Nationality>
            </Driver>
            <Constructor>
                <constructorId>toro_rosso</constructorId>
                <Name>Toro Rosso</Name>
                <Nationality>Italian</Nationality>
            </Constructor>
            <Grid>12</Grid>
            <Laps>78</Laps>
            <Status statusID="1">Finished</Status>
            <Time millis="6005000">+18679</Time>
            <FastestLap rank="9">
                <lapTime>1:17.112</lapTime>
            </FastestLap>
        </result>
        <result>
            <position>10</position>
            <Driver>
                <driverId>alonso</driverId>
                <FamilyName>Alonso</FamilyName>
                <GivenName>Fernando</GivenName>
                <Nationality>Spanish</Nationality>
            </Driver>
            <Constructor>
                <constructorId>mclaren</constructorId>
                <Name>McLaren</Name>
                <Nationality>British</Nationality>
            </Constructor>
            <Grid>7</Grid>
            <Laps>78</Laps>
            <Status statusID="1">Finished</Status>
            <Time millis="6008000">+21679</Time>
            <FastestLap rank="10">
                <lapTime>1:17.389</lapTime>
            </FastestLap>
        </result>
    </results>
</race>
